{"version": "1", "message": "ERROR: Hidden Testcases server unreachable.", "problem_id": "cspp2_m10_a1_1", "user_id": "Mounika2010", "score": {"sample": {"0": {"execution_time": 0.2764430046081543, "passed": true}, "1": {"execution_time": 0.23794937133789062, "passed": true}, "2": {"execution_time": 0.2599782943725586, "passed": true}, "3": {"execution_time": 0.23736190795898438, "passed": true}, "4": {"execution_time": 0.3074910640716553, "passed": true}, "5": {"execution_time": 0.2946035861968994, "passed": false}, "6": {"execution_time": 0.2927589416503906, "passed": true}, "7": {"execution_time": 0.28334879875183105, "passed": true}}}, "check_style_score": "0/1"}